f60de0cf-a070-4003-a940-1e4473f99234,value4,Completed
a58621ce-fc4e-433a-bdf4-3ce204b80da3,value5,Completed
34a8ce34-62ad-454d-9e9c-2ff8027797b7,value6,Completed
e26d5670-74cc-4849-afae-3a76b762e21d,value4,Completed
e3e20f17-3df4-4bdf-aaf4-71f35b615618,value5,Completed
6c16ff67-c375-4fbc-a6b7-0b533eb820cb,value6,Completed
e659100c-87d4-45ad-912a-89a23208d13e,value8,Completed
9f29766b-b24b-4c39-a6b8-04c7b17ee28d,value9,Completed
02ce6458-af02-4cdd-8aa9-83f827d5a762,value10,Completed
6335769c-5b60-414d-937d-84d7ed73e006,value11,Completed
d78faca3-6906-449d-bc5c-5d25285e84e5,value12,Completed
9e1a88e5-7558-439a-b928-1e63fb0ac105,value8,Completed
e887d6d8-4551-48f8-aab9-f082ed4b0420,value9,Completed
30a43981-942b-42a2-921a-2069c9467274,value10,Completed
b0d71d1d-2a82-4f44-b5b5-012a9c954f76,value11,Completed
51244f72-582b-44a5-bbd8-ae7691ee2eaf,value12,Completed
964c500c-9a06-4255-8df5-d8502c4843d2,value80,Completed
ce23cde0-b359-494a-a68a-64199d50e56c,value90,Completed
f07e029e-af85-4ed8-9dc1-c6dbb3d3143e,value100,Completed
cfcc7e8f-d989-4226-abd5-a319fbb85350,value110,Completed
a2b0bc37-89c1-4416-aee8-152e7b2c3710,value120,Completed
cf30e9b4-5df0-49fb-b70a-aad119c5759f,value800,Completed
1334a29e-2282-416c-99ed-95e6b9a9a0af,value900,Completed
778403a8-66cf-493e-a041-230633744288,value1000,Completed
f4924869-a366-4ec3-96dc-ea9853f13667,value1100,Completed
5a240e65-4202-4718-9fbc-ea5fb817a266,value1200,Completed
dfce8433-9df8-4aeb-8bf9-8fd1a1e6d4e4,value800,Completed
0bd01747-7443-4744-a089-cda7e4331d5e,value900,Completed
b4385c2c-78a6-4f9e-9589-d0053d611b67,value1000,Completed
eaffafea-58be-4397-8d19-ab8778ac626f,value1100,Completed
fab7ce47-6ebc-4d39-b811-915399fb109f,value1200,Completed
70a35cab-ca8d-495f-8778-e44543abce9e,value800,Completed
9c56f2e0-0833-4e9d-b762-a3c2aa0f83d2,value900,Completed
ab1e3751-fe43-488a-8772-25f980cf7ee5,value1000,Completed
06a2d469-99c0-443a-b897-08cf89bc00ae,value1100,Completed
5d3e9c43-0804-454f-bec8-a05b68d298d8,value1200,Completed
3b480d6c-a41d-4f04-aa5b-6e2032d53f88,value800,Completed
fb678107-f2ae-4e5a-986a-5e4e81e01e9b,value900,Completed
dbfe5fbc-112a-4f55-a590-82a2fbf21ac6,value1000,Completed
df2be557-0f7d-4a1b-935f-d9115e20f758,value1100,Completed
5129e75c-63ed-4570-841a-c9f006fd9ebd,value1200,Completed
eb8d0d80-7d5b-46ad-9b1a-0a8f8c787621,value800,Completed
6ec42ab8-eb60-43ee-8754-fbcb7d909fa2,value900,Completed
2caa0664-540d-4e3b-86dd-7355eee2af05,value1000,Completed
5bdfa169-c0d5-4e4f-932d-192debf70914,value1100,Completed
cac5c29a-7a0f-435d-a142-fb131aeb492d,value1200,Completed
494cfe06-aff5-4ea7-a886-819eb4a4af0d,value800,Completed
bd48b2c6-08f4-4cb1-94d2-2f9832e46586,value900,Completed
dc71814c-8f81-4bcf-bf18-10295241d052,value1000,Completed
a5712cf7-56ea-4fab-a774-2b31e9cf4046,value1100,Completed
b91e38ae-3200-4842-82d0-7a07016e1a40,value1200,Completed
298ba03c-0269-46f7-bde7-547ced5b6f37,value800,Completed
32e52e5c-4d7a-4a06-b75c-aa635ff888ce,value800,Completed
2e9b02a0-2d43-4102-a256-93b75411e957,value800,Completed
a780b026-dff8-4dff-98cf-3bd6e31ac711,value800,Completed
2e723f01-7e21-49ed-b6f0-36f0c720b8be,value800,Completed
6e3c478c-f059-4fc4-aad3-3e2f3ad70b9a,value800,Completed
fc615675-5c12-47bb-9c3f-970379e630de,value800,Completed
13629588-2731-40e1-b0d2-dd332bff1397,value800,Completed
6e9cd0f7-8145-42ca-aea2-e0231692f321,value800,Completed
27c04edc-1797-4ff7-846c-c1e2d884cb99,value800,Completed
2bc81e3b-2b09-46a1-9a67-2a8b37ec6153,value800,Completed
5ee06e03-cfd4-437f-8299-833a0a47cca5,value800,Completed
3bd04839-b3cc-41a7-b9a9-0f6c0b483fba,value800,Completed
87d24634-25e4-4bbf-a538-b52bf24ee214,value800,Completed
d25ec0ab-b25f-4019-bb2b-67456eba716b,value800,Completed
3c31f1f9-bfc8-4732-8fad-90a7f330c588,value800,Completed
7eb0fbba-ccb0-4b28-bb7c-625153591a29,value800,Completed
96c099bd-f140-416a-83c1-30fc8ac3f427,value800,Completed
